game_day,date,national team,UCL,UEFA,MBs,KKs,KKQs,NKWs,NKLs,NSZK
1,2000-06-12,EURO-GR-1,,,,,,,,
2,2000-06-17,EURO-GR-2,,,,,,,,
3,2000-06-20,EURO-GR-3,,,,,,,,
4,2000-06-24,EURO-W-1,,,,,,,,
5,2000-06-29,EURO-SF-1,,,,,,,,
6,2000-07-02,EURO-F-1,,,,,,,,
7,2000-07-05,,,,,,KKQ-1,,,
8,2000-07-08,,,,,,KKQ-2,,,
9,2000-07-12,,CHL-Q1-1,,,,,,,
10,2000-07-15,,,,,KKARA-1,KKQ-3,,,
11,2000-07-19,,CHL-Q1-2,,,,,,,
12,2000-07-22,,,,MB-B-1,,,,,
13,2000-07-26,,CHL-Q2-1,,,,,,,
14,2000-07-29,,,,MB-B-2,,,,,
15,2000-08-02,,CHL-Q2-2,,,,,,,
16,2000-08-05,,,,,KKARA-2,,,,
17,2000-08-09,,CHL-Q3-1,UEFA-Q-1,,,,,,
18,2000-08-12,,,,MB-B-3,,,,,
19,2000-08-16,FRIENDLY-NAT-1,,,,,,,,
20,2000-08-19,,,,MB-B-4,,,,,
21,2000-08-23,,CHL-Q3-2,UEFA-Q-2,,,,,,
22,2000-08-26,,,,,,,NKW-1-1,,
23,2000-08-30,,,,,,,,,
24,2000-09-03,WC-Q-1,,,,,,,,
25,2000-09-06,,,,,KKARA-3,,,,
26,2000-09-09,,,,MB-B-5,,,,,
27,2000-09-13,,CHL-G1-1,UEFA-W1-1,,,,,,
28,2000-09-16,,,,MB-B-6,,,,,
29,2000-09-20,,CHL-G1-2,,,KKARA-4,,,,
30,2000-09-23,,,,MB-B-7,,,,,
31,2000-09-27,,CHL-G1-3,UEFA-W1-2,,,,,,
32,2000-09-30,,,,MB-B-8,,,,,
33,2000-10-04,,,,,,,NKW-2-1,,
34,2000-10-07,WC-Q-2,,,,,,,,
35,2000-10-11,WC-Q-3,,,,,,,,
36,2000-10-14,,,,,KKARA-5,,,,
37,2000-10-18,,CHL-G1-4,,,,,,,
38,2000-10-21,,,,MB-B-9,,,,,
39,2000-10-25,,CHL-G1-5,UEFA-W2-1,,,,,,
40,2000-10-28,,,,MB-B-10,,,,,
41,2000-11-01,,,,,,,NKW-3-1,,
42,2000-11-04,,,,,KKROM-1,,,,
43,2000-11-08,,CHL-G1-6,UEFA-W2-2,,,,,,
44,2000-11-11,,,,MB-B-11,,,,,
45,2000-11-15,FRIENDLY-NAT-2,,,,,,,,
46,2000-11-18,,,,MB-B-12,,,,,
47,2000-11-22,,CHL-G2-1,UEFA-W3-1,,KKROM-2,,,,
48,2000-11-25,,,,,KKROM-3,,,,
49,2000-11-29,,,,,,,NKW-4-1,,
50,2000-12-02,,,,MB-B-13,,,,,
51,2000-12-06,,CHL-G2-2,UEFA-W3-2,,,,,,
52,2000-12-09,,,,MB-B-14,,,,,
53,2000-12-13,,,,,,,NKW-5-1,,
54,2000-12-15,,,,,,,,,
55,2000-12-16,,,,,,,NKW-5-2,NKL-5-1,
56,2000-12-17,,,,,,,,,
57,2000-12-20,,,,,,,,,
58,2000-12-23,,,,,,,,,
59,2000-12-27,,,,,,,,,
60,2000-12-30,,,,,,,,,
61,2001-01-03,,,,,,,,,
62,2001-01-06,,,,,,,,,
63,2001-01-10,,,,,,,,,
64,2001-01-13,,,,,,,,,
65,2001-01-17,,,,,,,,,
66,2001-01-20,,,,,,,,,
67,2001-01-24,,,,,,,,,
68,2001-01-27,,,,,,,,,
69,2001-01-31,,,,,KKABC-1,KKJKL-1,,,
70,2001-02-03,,,,MB-R-1,,,,,
71,2001-02-07,,,,,KKABC-2,KKJKL-2,,,
72,2001-02-10,,,,MB-R-2,,,,,
73,2001-02-14,,CHL-G2-3,UEFA-W4-1,,,,,,
74,2001-02-17,,,,MB-R-3,,,,,
75,2001-02-21,,CHL-G2-4,UEFA-W4-2,,,,,,
76,2001-02-24,,,,,,,NKW-6-1,NKL-6-1,
77,2001-02-28,FRIENDLY-NAT-3,,,,,,,,
78,2001-03-03,,,,MB-R-4,,,,,
79,2001-03-07,FRIENDLY-NAT-4,CHL-G2-5,UEFA-QF-1,,,,,,
80,2001-03-10,,,,,KKABC-3,KKJKL-3,,,
81,2001-03-14,,CHL-G2-6,UEFA-QF-2,,,,,,
82,2001-03-17,,,,MB-R-5,,,,,
83,2001-03-21,,,,,,,,,
84,2001-03-24,WC-Q-4,,,,,,,,
85,2001-03-28,WC-Q-5,,,,,,,,
86,2001-03-31,,,,,,,NKW-6-2,NKL-7-1,
87,2001-04-04,,CHL-QF-1,UEFA-SF-1,,,,,,
88,2001-04-07,,,,,KKGOR-1,KKJKL-4,,,
89,2001-04-11,,,,,KKGOR-2,,,,
90,2001-04-14,,,,,KKGOR-3,,,,
91,2001-04-18,,CHL-QF-2,UEFA-SF-2,,,,,,
92,2001-04-21,,,,MB-R-6,,,,,
93,2001-04-25,FRIENDLY-NAT-5,,,,,,,NKL-8-1,
94,2001-04-28,,,,MB-R-7,,,,,
95,2001-05-02,,CHL-SF-1,,,,,,,
96,2001-05-05,,,,MB-R-8,,,,,
97,2001-05-09,,CHL-SF-2,,,,,,,
98,2001-05-12,,,,,,,NKW-7-1,NKL-9-1,
99,2001-05-16,,,UEFA-F-1,,,,,,
100,2001-05-19,,,,MB-R-9,,,,,
101,2001-05-23,,CHL-F-1,,,,,,,
102,2001-05-26,,,,MB-R-10,,,,,
103,2001-05-30,,,,,,,,,
104,2001-06-02,WC-Q-6,,,,,,,,
105,2001-06-06,WC-Q-7,,,,,,,,
106,2001-06-09,,,,,,,,,NSZK-ED
107,2001-06-13,,,,,,,,,NSZK-EF
108,2001-06-16,,,,,,,,,
109,2001-06-20,,,,,,,,,
110,2001-06-23,,,,,,,,,
111,2001-06-27,,,,,,,,,
112,2001-06-30,,,,,,,,,
113,2001-07-04,,,,,,KKQ-1,,,
114,2001-07-07,,,,,,KKQ-2,,,
115,2001-07-11,,CHL-Q1-1,,,,,,,
116,2001-07-14,,,,,KKARA-1,KKQ-3,,,
117,2001-07-18,,CHL-Q1-2,,,,,,,
118,2001-07-21,,,,MB-B-1,,,,,
119,2001-07-25,,CHL-Q2-1,,,,,,,
120,2001-07-28,,,,MB-B-2,,,,,
121,2001-08-01,,CHL-Q2-2,,,,,,,
122,2001-08-04,,,,,KKARA-2,,,,
123,2001-08-08,,CHL-Q3-1,UEFA-Q-1,,,,,,
124,2001-08-11,,,,MB-B-3,,,,,
125,2001-08-15,FRIENDLY-NAT-6,,,,,,,,
126,2001-08-18,,,,MB-B-4,,,,,
127,2001-08-22,,CHL-Q3-2,UEFA-Q-2,,,,,,
128,2001-08-25,,,,,,,NKW-1-1,,
129,2001-08-29,,,,,,,,,
130,2001-09-01,WC-Q-8,,,,,,,,
131,2001-09-05,WC-Q-9,,,,KKARA-3,,,,
132,2001-09-08,,,,MB-B-5,,,,,
133,2001-09-12,,CHL-G1-1,UEFA-W1-1,,,,,,
134,2001-09-15,,,,MB-B-6,,,,,
135,2001-09-19,,CHL-G1-2,,,KKARA-4,,,,
136,2001-09-22,,,,MB-B-7,,,,,
137,2001-09-26,,CHL-G1-3,UEFA-W1-2,,,,,,
138,2001-09-29,,,,MB-B-8,,,,,
139,2001-10-03,,,,,,,NKW-2-1,,
140,2001-10-06,WC-Q-10,,,,,,,,
141,2001-10-10,,,,,,,,,
142,2001-10-13,,,,,KKARA-5,,,,
143,2001-10-17,,CHL-G1-4,,,,,,,
144,2001-10-20,,,,MB-B-9,,,,,
145,2001-10-24,,CHL-G1-5,UEFA-W2-1,,,,,,
146,2001-10-27,,,,MB-B-10,,,,,
147,2001-10-31,,,,,,,NKW-3-1,,
148,2001-11-03,,,,,KKROM-1,,,,
149,2001-11-07,,CHL-G1-6,UEFA-W2-2,,,,,,
150,2001-11-10,,,,MB-B-11,,,,,
151,2001-11-14,FRIENDLY-NAT-7,,,,,,,,
152,2001-11-17,,,,MB-B-12,,,,,
153,2001-11-21,,CHL-G2-1,UEFA-W3-1,,KKROM-2,,,,
154,2001-11-24,,,,,KKROM-3,,,,
155,2001-11-28,,,,,,,NKW-4-1,,
156,2001-12-01,,,,MB-B-13,,,,,
157,2001-12-05,,CHL-G2-2,UEFA-W3-2,,,,,,
158,2001-12-08,,,,MB-B-14,,,,,
159,2001-12-12,,,,,,,NKW-5-1,,
160,2001-12-15,,,,,,,NKW-5-2,NKL-5-1,
161,2001-12-19,,,,,,,,,
162,2001-12-22,,,,,,,,,
163,2001-12-26,,,,,,,,,
164,2001-12-29,,,,,,,,,
165,2002-01-23,,,,,KKABC-1,KKJKL-1,,,
166,2002-01-26,,,,MB-R-1,,,,,
167,2002-01-30,,,,,KKABC-2,KKJKL-2,,,
168,2002-02-02,,,,MB-R-2,,,,,
169,2002-02-06,,,,MB-R-3,,,,,
170,2002-02-09,,,,,,,NKW-6-1,NKL-6-1,
171,2002-02-16,,,,MB-R-4,,,,,
172,2002-02-20,,CHL-G2-3,,,KKABC-3,KKJKL-3,,,
173,2002-02-21,,,UEFA-W4-1,,,,,,
174,2002-02-23,,,,MB-R-5,,,,,
175,2002-02-27,,CHL-G2-4,,,,,,,
176,2002-02-28,,,UEFA-W4-2,,,,NKW-6-2,NKL-7-1,
177,2002-03-02,,,,,KKGOR-1,KKJKL-4,,,
178,2002-03-09,,,,,KKGOR-2,,,,
179,2002-03-13,,CHL-G2-5,,,,,,,
180,2002-03-14,,,UEFA-QF-1,,,,,,
181,2002-03-16,,,,MB-R-6,,,,,
182,2002-03-20,,CHL-G2-6,,,KKGOR-3,,,,
183,2002-03-21,,,UEFA-QF-2,,,,,NKL-8-1,
184,2002-03-30,,,,MB-R-7,,,,,
185,2002-04-03,,CHL-QF-1,,,,,NKW-7-1,NKL-9-1,
186,2002-04-04,,,UEFA-SF-1,,,,,,
187,2002-04-06,,,,MB-R-8,,,,,
188,2002-04-10,,CHL-QF-2,,,,,,,
189,2002-04-11,,,UEFA-SF-2,,,,,,
190,2002-04-13,,,,MB-R-9,,,,,
191,2002-04-20,,,,MB-R-10,,,,,
192,2002-04-24,,CHL-SF-1,,,,,,,
193,2002-04-27,,,,,,,,,NSZK-ED
194,2002-05-01,,CHL-SF-2,,,,,,,
195,2002-05-04,,,,,,,,,NSZK-EF
196,2002-05-08,,,UEFA-F-1,,,,,,
197,2002-05-11,,,,,,,,,
198,2002-05-15,,CHL-F-1,,,,,,,
199,2002-05-18,,,,,,,,,
200,2002-05-25,,,,,,,,,
201,2002-06-02,WC-GR-1,,,,,,,,
202,2002-06-07,WC-GR-2,,,,,,,,
203,2002-06-08,,,,,,,,,
204,2002-06-12,WC-GR-3,,,,,,,,
205,2002-06-16,WC-W-1,,,,,,,,
206,2002-06-22,WC-QF-1,,,,,,,,
207,2002-06-26,WC-SF-1,,,,,,,,
208,2002-06-30,WC-F-1,,,,,,,,
209,,,,,,,,,,
210,,,,,,,,,,
211,,,,,,,,,,
212,,,,,,,,,,
213,,,,,,,,,,
214,,,,,,,,,,
215,,,,,,,,,,
216,,,,,,,,,,
217,,,,,,,,,,
218,,,,,,,,,,
219,,,,,,,,,,
220,,,,,,,,,,
221,,,,,,,,,,
222,,,,,,,,,,
223,,,,,,,,,,
224,,,,,,,,,,
225,,,,,,,,,,
226,,,,,,,,,,
227,,,,,,,,,,
228,,,,,,,,,,
229,,,,,,,,,,
230,,,,,,,,,,
231,,,,,,,,,,
232,,,,,,,,,,
233,,,,,,,,,,
234,,,,,,,,,,
235,,,,,,,,,,
236,,,,,,,,,,
237,,,,,,,,,,
238,,,,,,,,,,
239,,,,,,,,,,
240,,,,,,,,,,
241,,,,,,,,,,
242,,,,,,,,,,
243,,,,,,,,,,
244,,,,,,,,,,
245,,,,,,,,,,
246,,,,,,,,,,
247,,,,,,,,,,
248,,,,,,,,,,
249,,,,,,,,,,
250,,,,,,,,,,
251,,,,,,,,,,
252,,,,,,,,,,
253,,,,,,,,,,
254,,,,,,,,,,
255,,,,,,,,,,
256,,,,,,,,,,
257,,,,,,,,,,
258,,,,,,,,,,
259,,,,,,,,,,
260,,,,,,,,,,
261,,,,,,,,,,
262,,,,,,,,,,
263,,,,,,,,,,
264,,,,,,,,,,
265,,,,,,,,,,
266,,,,,,,,,,
267,,,,,,,,,,
268,,,,,,,,,,
269,,,,,,,,,,
270,,,,,,,,,,
271,,,,,,,,,,
272,,,,,,,,,,